Poem ID,Title,Text,Speaker
L01,Muttnik,"Laika to Ground Control 
I don’t suppose
you’re coming back for me but
I don’t mind, it’s nice out here.
You said before I launched: there’s no way back
—I’m a halfway thing, more bullet than dog
out into the dark morning
and forever
to this black field
where Great Canine winks
her distant starry eye.
Empty as the space that lies between two barks.
Full to bursting.

Laika to Ground Control
can I chase my tail? I know
you want me to sit still but
it’s calling me, just for a second, please.
I can see our planet from here
smooth like the wind washed it soft and blue,
we’re going round, I’m having the time of my life you don’t have to worry
but can I chase my tail?
There’s nothing here for me to knock over.
I miss you. But I don’t mind,
in a hold silver as this any mongrel can be a heroine; any stray can make history.

Laika to Ground Control
[BACKGROUND STATIC]
sorry, I forgot what I was going to say,
Laika to Ground Control
from above Earth is alive at night,
light golden as a million miniature suns,
makeshift constellations.
What do I look like
from below?
Do I glimmer
like a freckle
or an exit wound?
I’ve been sitting still. You don’t have to worry.
I miss you.

Laika to Ground Control
they have summer in space,
did you know? The hours walk warmer and warmer,
the ceiling gleams with June moons
begging for a howl.
I’m lonely,
moons don’t howl back.
I would sit still for years
if it meant I could go back to you.
I miss you. I don’t mind. I miss you though.

Laika to Ground Control
I miss you.
If you would come out here and pet me
I swear to Dog I’ll be good,
never bark again,
you’ll have to find me a new name.
Kometka, little comet, maybe,
I would crash into the sea
to swim to your side.
Be your satellite.
You’re bigger than Earth in my eyes,
I don’t need stars, only you.

Laika to Ground Control
there are pinpricks of light
behind my eyes.
Hot like a bite.
The world is fast and unbreakable,
and I’m just a dog.
And I miss you.

Laika to Ground Control
I miss you. Have I told you that yet?
Out there in the silk-black nothing they’ve long forgotten what time is.
In here time crawls.
In here everything shimmers,
in here it’s just me.
I think I’m dying.
You don’t have to worry, I was nothing and you swung me from alley to orbit,
from the dirt to the stars.
I don’t mind. I just miss you.
I miss you
like the space that lies
between two breaths.
Full to burning.",First-Person
L02,,"Laika
When you they sent you into space, did they tell you it would hurt? 
Did they tell you that the stress would kill you within minutes?
That your poor little heart would give out from beating so fast, that your veins would fill with adrenaline-black blood, your eyes blown wide as planets with fear?
It’s so bright up there, Laika, girl.
Street dog, barker, little curly
You fell back to earth after a day, and the men who killed you insisted you were still alive
I believe you still are, somewhere
And I look down at my own pup- street dog, scared and angry just like you- and her moon eyes are so, so bright
Patron saint of one-way trips, you are, my dear, incredible
My girl only came to me because of you
And you, precious, precious baby, only went to the stars because of us
My patron saint of one way trips.",Second-Person
L03,"Come now, little space dog,","Come now, little space dog,
Oh Laika, what a brave space dog you are,
You may not be with us now;
But when we look up at the sky,
May we remember your soul;
You run around on Jupiter's moons,
Like the streets of Moscow on cold winter nights,
You chase comets,
As if they were little doves,
You bite down satellites,
You dance with stars,
The entirety of Space is your play-place;
When scientists use their telescopes,
They will surely go,
""My, look at her go! The whole abyss is her's to play with!"",
When astronauts go to the moon,
I hope they will cherish you with belly rubs,
We feel remorse for you;
Though, it seems you've become fond of your large field;
Oh, Laika,
May your story be told; and may you be cherished by the children as the space dog,
The stray dogs of Moscow cherish your story,
No one has forgotten you, little space dog,
And they never will. ",Second-Person
L04,First Dog in Space,"They say that, from space,
the Earth looks like a
small, blue ball, but how
did it look to you, Laika?
From that shuttle like a balloon
whose string they let go, and which
they never trained for recall?

They say that you were a stray
who never fought with other dogs,
and that the clever people called you pet names
through the wires of your shrinking cages,
and that, before you died, overheating
in that heavy, weightless cold, one of them
took you home, and you played with his kids.

They say that, from space,
the Earth looks like
a small, blue ball. I’ll throw it
for you, Laika, if you’ll chase it,

dart through the stratosphere
like a comet, undeserving
of its fate.",Second-Person
L05,Laika,"A stray dog from Moscow’s streets
became the name
on the world’s lips,

a rising star circling
the earth in Sputnik 2,
a one-way trip.

Not much is heard of her backups,
Albina and Mushka,
just Laika, meaning ‘the barker’.

They were all tested in the centrifuge,
trained to eat space gel,
confined in ever-decreasing spaces.

Yes, there was love:
Yazdovsky who took her home
to play with his children;

the technician who kissed her nose
before the hatch was closed.
Her heart hardwired to the spaceship,

for three hours she was weightless,
pulse racing, but ate her dinner,
alive to see an orbital sunrise.",Third-Person
L06,Laika,"Never have I seen
sadder eyes than Laika’s,
never so lost a look!
Paddling with her soft paws
in inimical vacuum,
(nothing to draw you to your bosom
like Mother Earth’s gravitation)
herself soft snowflake,
opening her soundless mouth
trying to utter either cry or sigh,
just a tiny, tiniest cry,
no matter if no one hears…
But as in a dream,
her efforts were in vain.
To send a dog up there
to be first living creature in space,
how insane!
After in her mind, like a prayer,
wishing farewell
to stray dogs and stray cats
of Moscow streets,
to her beloved four leg fellow,
she probably thought
I shall surely perish,
but my spirit will bellow
of man’s cruelty -
Vast universe will echo…
Never, never have I seen
sadder eyes than Laika’s.",Third-Person
L07,Laika,"With your head rested on your paws
Strapped in, confused and afraid
The highest price you paid
For a cause that was not yours,
Your heart began to race
Somewhere, out there in space;

I would have taken you home
Played with you on the field
The bond between us sealed
As around the streets we'd roam,
Then curling up on the settee
After supper to watch TV;

For you the day we would have lightened
As amongst our joy and love
You could have looked up above
And not be frightened,
For you, Laika, we could have truly cared
And in our lives you could have shared;

Now that capsule is nought but dust
And dreams scattered all about
The stars that shone have all gone out
As man betrayed your trust,
But your spirit is still in place
Somewhere, out there in space.",Second-Person
L08,Laika,"Although it was cold, so very cold, on the streets of Moscow at least we had each other. Huddled in doorways, scurrying through subways, riding the train to Red Square, scavenging beneath St Basils, wandering through Gorky and begging for frankfurters or boiled sausage outside the backdoors of restaurants and lapping up kefir from the drains. As a baby I'd been brave, learning to survive on the streets like that but when they took me and confined me in that small cage I have to admit I was a little bit scared. Then came the laxatives and the centrifuges and the scalpel cuts bathed with iodine. Dr Yazdovsky let me play with his children a while and for those brief minutes I had high hopes for the future. I was quiet and charming so they say. But when you gave me that final kiss on the nose I suppose deep down inside I knew my destiny lay among the stars. Alone, in silence, I watched the world spinning round, one thousand miles below. Then on the fourth lap I felt the temperature rise and I suppose I just shut my eyes for a moment. I was only three years old.",First-Person
L09,I Remember Laika,"The warm sun and wind keep winter at bay
but it is time to say goodbye to Laika, the dog
the new face of the moon.
The farewell can't be delayed a boy has run to
the outer field sits on a stone tries not to cry
the struggle to accept the unavoidable.
Dark cloud from the North where nature is solemn
there is no hint of gaieties in their towns'
architecture
Winter hearts will dispose and scatter misery
protestants do not allow for lofty dreams.
The wind is cold, new rules people must work harder
the almond tree must stop flowering in mid-winter
spreading unseemly hope over the planet.",Third-Person
L10,For the First Dog in Space,"You're being sent up in Sputnik 2,
a kind of octopus with rigor mortis.
Ground control have sworn allegiance
to gravity and the laws of motion;
they sleep without dreams,
safe in the knowledge
that a Russian mongrel bitch
can be blasted through the exosphere
at seven miles a second,
but can never stray far from home.
You will have no companion,
no buttons to press, just six days' air.
Laika, do not let yourself be fooled
by the absolute stillness
that comes only with not knowing
how fast you are going. As you fall
in orbit around the earth, remember
your language. Listen to star dust.
Trust your fear.",Second-Person
L11,Laika,"Moscow street-mutt, unloved
stray. Eleven pounds of bone,
of pelt, of tail. Who can weigh
the heart of dog? What dials
or instruments may measure
loyalty; the desire, hard-wired,
to obey? Dogs have no gods,
know only to worship the hand
that feeds. There is no canine
word for pray. Brave little
cosmonaut, faithful to a fault;
caught and collared, Earth no
more than a distant ball with
which you cannot play. How
the words that sent you on
your way crackle through
the ragged dishes of your ears,
a comet’s tail of breaking
syllables that even now leave
their trail: Laika, in. Laika, lay.
Good girl, Laika. Wait. Stay.",Second-Person
L12,"Laika (1954–1957)
","In the time it takes to make bread, a wild pasture.
Outside this thought, a song no longer than an inch.
If there is light, it’s pressing down on you.
Something stirs inside it.
It is not so much lust you experience as it is its recurring engine.
Boredom is not a new technology.
It has no apparent safety valve.
Recite that old line about cream rising.
Top as operative verb.
Verb being, in this instance, a hunger.
You can laugh.
Do it now, into this pinewood box, before the morning comes.
Try to transcribe it.
Be serious for extended periods of time.
See how your wardrobe changes to match.
Your uber has arrived.
Half-sick you stumble out through the sidewalk.
You recall asphalt but not its purpose.
Where are you supposed to go.
In the dark there is no knowing.
Once, a tiny satellite circled the earth carrying a dog.
There can be no word for a fear you cannot fathom.
An infinite future tires you out.",Second-Person
L13,FIRST THE DOG,"To Laika

So first the faithful dog will go
and after it a pig or ass
through the black grass will beat a track
along it will the first man steal
who with iron hand will smother
on his glass brow a drop of fear

so first the dog honest mongrel
which has never abandoned us
dreaming of earthly lamps and bones
will fall asleep in its whirling kennel
its warm blood boiling drying away

but we behind the dog and second
dog which guides us on a leash
we with the astronauts’ white cane
awkwardly we bump into stars
we see nothing we hear nothing
we beat with our fists on the dark ether
on all the wavelengths is a whining

everything we can carry on board
through the cinders of dark worlds
name of man scent of apple
acorn of sound quarter of colour
should all be saved for our return
so we can find the route in an instant
when the blind dog leading us
barks at the earth as at the moon",First-Person
L14,,"i went chasing after
i went chasing after
i went chasing after your poor little tennis ball
that poor tennis ball
that i shot over the cosmic picket line

the arc of it got stuck
somewhere in that great spinning
black on black on black
great spinning black on black

where the shining things have seen you and i made a million times
and then i turn round and you were waiting
and you were waiting for us to do it all over again

i went chasing after
your poor little tennis ball
and was really trying my best with you whining at my ankle
when i dove my wrist into the ever eternal beyond
and came back three times with iron ice and comet in my fist instead

i was following the cold way you went
and now the ball is still going
or maybe not
i don't know how you can tell anything at all in all this death
but you keep barking
so i keep chasing after your
poor little tennis ball",First-Person
L15,,"you were small and fraught with fleas,
fragile in your glassy eyes and your
raw paw pads and your overgrown nails.
you wanted so badly to be loved,
that you let the first stranger with a
non-violent hand draw you into a cage.
you refused to bite that hand,
even when it smelled so tempting
that it made your mouth water,
even when it itched at your gums.
you were good, you were so fucking *good*—

and they killed you for it.

you jumped through every hoop,
took every needle pinch and
every sticky electrode pasted to your fur
with a smile and a wag of the tail,
cleared every test and didn’t even bite.
they fed you and they sheltered you
and they gave you adoring nicknames
for your voice and the texture of your fur.
you were good. you were so good.
when it came time to choose, they chose you.
they kept you because you didn’t bite.

they killed you because you didn’t bite.",Second-Person
L16,"Laika the Space Dog
","Alone, she entered an abyss
bejeweled with blue giant suns,
white dwarfs, black holes, quasars
and nebulae like clouds of gnats
in the deep, the clockwork spin
of galactic arms across all dreams
as Laika, the Soviet space dog
was launched into heaven
for the Motherland and reached
the tonnage of night without food
or water and died, memories stirring
of chasing fireflies through sweet grass,
her hot breath lost beyond worlds,
Earth’s scent wisped to her brain
until her last thoughts began:

Look, there’s a darkness
and the blue globe is dimming.
I wish I could take the Earth in my mouth
and run with it across the stars
where my grave is laid in a bed of stars.

Here without hares or foxes
life is bigger and blacker
than I thought it could be, my paws
like wings floating in this gray car
where I’ll die lonelier than snakes
and drown in night’s deep river,
crossing the boundaries of touch
without stone or soil to walk on.

People sent me to the forever
where no flowers open smells,
only glittering specks blossom
and sleeping I dream of dogs
running over glaciers, chewing antelope,
chasing shaggy brown beasts, their tusks
like sharpened moons—I carry
my kind’s history to the end of ends.

Howling towards shadows’ outer layers
my ghost is fleeing to the world.

Dying I will come back, Yes, I’ll taste
tender air and amber sunlight
back from immensity. I’ll climb
the rainbow’s stairs earthward
back to green shoots and streets
cobbled with hardness, back from the timeless
seabed of space to the churning ground. Back.",First-Person
L17,O Laika,"O Laika,                                                                                                     
        the mud of language neve r sets.                                
        Every year,                                                                              
                                     the Presidents of Extinction        
        double down                                                                         
                               on their own last worst. ",Third-Person
L18,All the Dogs are Here,"All the dogs are here.
Here’s Laika the Space Dog.
Here are the loyal Dogs of Pompeii.

And there are the dog owners,
saying ‘shutupyoustupiddog’.
Even though the dog makes a good point!

Here’s the broken road.
Here the tarmac’s cracked to reveal
old cobblestones beneath.

                the future’s a dead end
time rushes back on itself
       with nowhere else to go

Every stone reads:
Wenn du das hier liest,
dann weine. Or:

When the swallows stop                            
these stones start
                                                             flying.

Migrating through
your fucking windows.

We give you our word,
say the Presidents of Extinction.
As if they have a word to give.

Even in their wildest fantasies,
they act too late.",Third-Person
L19,"Voyager
or, I Can’t Stop Feeling Melancholic Over #Laika the #Space Dog ","The payload separation failed.
Ground control fabricated mercy:
peaceful end in six days –
a wayfaring martyr of science.
Spare the detail that in seven hours,
the stars beat down on Laika
while the capsule overheated.

In her final moments, perhaps,
watching Earth grind seamlessly,
and the chiming of the spheres
echoing into vacuum night,
even a stray could comprehend
the beauty in the smallness of a body.",Third-Person
L20,life signals from sputnik 2,"up here, i bark and the sound comes back
empty. i try very often to make noise;
i sing songs but no one pets me
or calls me a good girl.
i thought i could hear you, but there is
too much space between us.

did you know there are fireplaces here?
like the day you took me to your family’s
house, and we played all night—you gave
me real food and a kiss
and you weren’t supposed to.
you were saying goodbye
but i’m not ready,
i’ll never be ready—

can someone turn down the heat
or is it summer? i love summer. i never
knew summer in the streets of moscow.
(little curly, they called me, and that will
always be my name)

oh, look at the stars.
do you think they’re like the freckles on my
back? am i a constellation? i think you told
me stars burn and the sun is a star—
would they like to be my friends?

it’s so warm. you told me space was cold.
what else did you tell me? i don’t
understand;
you told me i’m going to the stars!
and i will, i will, i will
i will run across the whole of earth, my
magnificent backyard!

how long will i be alone up here?
i can’t count hours like you,
but i’m sure it hasn’t been long enough yet.
yet…

i hope you learn something from me.
i don’t know what, but you’ll figure it out.
i understand now; that last kiss to my brow
was searing hot.
i should have felt it coming.

you told me sorry
it’s okay.
i forgive you.

i’m ready now.",First-Person
L21,Space Dog,"She must have been someone’s pet,
sometime before the scientists
found her, tagged and labelled her
suitable for space.
She had, someone said,
a trusting face.

She must have been shocked
when the ones she’d trusted
strapped her down
in some strange contraption,
stroked her head, tickled
under her chin, then left,
and locked her in.

She must have been cowed
by the rocket’s power,
shaken by the roar, the thrust
must have left her
shivering, with no one there
to calm her down
when she needed it most.

She must have whined
for a long time, while wires
taped to her skin
relayed her reactions.

She must have thought
it was some sort of game
gone painfully wrong
and that very soon they’d
release her.

She must have closed her eyes
when the temperature rose.
I hope she was thinking of trees,
of running through forests.

And if only they’d had the means
to bring her back,
she would have given them
her usual welcome,
forgiven them too,
like dogs forgive all humans
the hurtful things they do.",Third-Person
L22,,"Laika was not just a dog sent into space.
She was trust wrapped in fur.
A quiet heartbeat that believed humans would keep her safe—
because that is what dogs do.
They believe. Even when they shouldn’t.

Her real name was Kudryavka — “curly.”
A nameless stray from the frozen streets of Moscow.
No home.
No warmth.
No voice in her own fate.

She wasn’t chosen because she was special.
She was chosen because she was obedient,
because she stayed calm,
because she endured pain without protest.
As if suffering itself became her qualification.

On November 3, 1957, she was sealed inside Sputnik 2.
The capsule had food.
It had water.
It had soft walls to cushion her body.

But it had no return plan.
No mercy.
No promise.
No way home.

She didn’t know she was going to die.
She didn’t know what space was.
She didn’t know the world was watching.

Some say she lived a few hours.
Some say a few days.
But what we know for certain is this—

Her final moments were spent alone.
Orbiting a planet she could never touch again.
Surrounded by heat, fear, and silence.

Below her, humans celebrated progress.
Above them, she suffered quietly—
a victory built on a life that never consented.

Laika circled Earth 2,570 times.
A small body carrying the unbearable weight of human ambition.

Months later, her capsule burned during re-entry,
and she vanished into the same fire that turned her into history.

Laika never chose to be a pioneer.
She never asked to be remembered.
She never understood science, politics, or glory.

She only trusted.

And in that trust, she became the first living being
to cross the space between Earth and the stars.

Today, we do not remember her with pride alone.
We remember her with gratitude.
With regret.
With a quiet ache that never fully heals.

Because progress without compassion leaves scars.
And some of the bravest hearts do not roar.

They beat softly.
They wait patiently.
They love without condition.

And sometimes—
they change the world forever…
without ever coming home.",Third-Person
L23,Space Dog,"I did not know
that no one was planning
to bring me back, either.

—from “Laika,” by Ben Florin

As if amazed it’s his,
he holds his hand up
before the mirror, hand
too big now for the boy’s
body, hand he’s turning
slowly front to back
to front, then closes to
a fist he just as slowly
opens like an exotic
flower to its full extent.

The boy so newly merged
with the emerging man
it’s hard to say what’s boy
or man but for the eyes,
the boyish rapt confusion
in the look he looks
with at his mobile features
as he draws a blunt finger
over the shadow of hair
along his upper lip.

Shadow of hair in armpit,
crotch, voice deeper
than it was, then higher,
deeper, while the eyes
astounded, furtive, are the eyes
of someone who can not
quite wake up from the dream
in which he suddenly
discovers he is naked
among a crowd of strangers—

or like the eyes of Laika,
Soviet space dog,
in an old drawing
I remember, the stunned,
not yet distrusting but
no longer trusting look
from within the comical
glass bubble of the gawky
helmet tilted atop
the comical white spacesuit,

as the spaceship hurtles
out toward the stars, the earth
a star behind it, the earnest
dog eyes fixed on black
space like a door
the masters have walked through
and will return from, surely.
Surely they’ll come to get me.
Surely they didn’t love me
all that time for this.",Third-Person
L24,,"they say they loved her
brought her in from the cold
took her home the night before
little bug, little lemon

how can that be true
when they sent her away
so willingly into the endless dark
she was never coming home

is it more cruel to hold her
to feed her from your hands
show her the joy of children
the warmth of a family

is it better to die never knowing love
a street dog just tired of fighting
or tasting it for just long enough
to know there is more in life than cold

little laika, when you come home
there will be warm blankets waiting
i hope you can forgive us,
we haven’t stopped loving you",Third-Person
L25,Laika,"In a sphere of metal
The best we have
A dead dog flies day by day
Around our earth
As a warning
That one day this might circle
Around the sun year after year
Carrying a dead humanity
The planet Earth
The best we have",First-Person
L26,"Triolet for Laika, First Dog in Space","They sealed your steel sarcophagus;
they made no plans to bring you home.
(Perhaps they thought you Anubis.)
They sealed your steel sarcophagus
and let you burn—like Sirius,
the other dogstar in the dome.
They sealed your steel sarcophagus.
They made no plans to bring you home.",Second-Person
L27,Laika,"A humming bird treads an invisible thread
researching the leafless ground below;
a dissertation on silence.

You send balloons up,
haemoglobin bubbles in the sky
dispersing sudden thoughts like Apollo’s limbs –

maybe you do not want to be alone now,
(after that first fatal wish)
wait for the card to be returned; Wish you were here.
 
The weather is nuclear:
everything yellow like pickled fruit
or temporal grey; the complexion cadaver’s wear

You know that if you died, you would leave no ripple,
a skimming stone succumbing to gravity’s symmetry.

Days dissolve into weeks, months,
old conversations make your teeth chatter to themselves
your stomach the only reply for a hundred miles.",Second-Person
L28,Laika,"and all the dim companions of
the old white dwarf
watch him throwing sugar
on an old blackboard
he says ""you can't stay in the classroom
'til the end of God
now Laika's in the backseat
of a lunokhod

she was the first to leave home
in a very long time
but vanished with her tail on fire

she was born under a foundry
in it's black air duct
then cast adrift as though
she were a speck of dust
snubbed by walls of mantle
and their bolted core
then fired into a canyon
of polite applause

through half a pound of sugar
on an old blackboard

and this grain is our sun
high on a field of maize
blazing like a hawk
high on it's stilty gaze

the wind blows and the corn leans
laying Laika bare
she don't see it coming
and she's got nowhere
one day they'll build her statue
put it in the yard
to show to all the children
and the palace guard

and one day all you children
will be white dwarves too
you'll cave under yourselves
and become cruel cruel cruel.",Third-Person
L29,Laika,"Man's best friend,
Space's first dog.

You rescued me from the street.  
Does that mean I owe you life?

Pavlovian principles,
Altruism was never your strong point.  

T minus 12 hours.  
You took me home,
Let me meet your children,
Teased me with what love felt like.

Did you feel sad that morning,
When we went for our last walk?
Maybe you made it extra long
To lessen the guilt.

What did you tell your kids?
Something cute and cryptic?
""Laika has returned back to the stars.""
Did I deserve this?
I would never be able to comprehend
The gravity of the situation.

Did you watch my heart rate on the monitor,
As I began to suffocate and die?


Did you stand outside
To watch my cremation in the sky?",First-Person
L30,Laika On High,"A monumental honour
Fell to a simple Russian stray:
To leave behind a dog's life
And climb the Milky Way.
Laika never could've guessed
The triumph of her story:
A dog's hard-pressed to understand
A legacy of glory.
In the forge of science
Laika's sacrifice was noble:
She soared above the planet
And became a star eternal.",Third-Person
L31,"Laika, the Good Girl","They sent you up on that ship as a trial in the heavens.
They called you Laika (which means to bark) yet
They say you were just a stray dog.
They admit always a nice dog
They admit always a good dog.
They say you were just three years yet
They called you a sacrifice to science when
They sent you up on that ship as your trail to dog heaven.

We call you a patron saint,
We say you guide those like you:
We who find ourselves on one way journeys.
We say our thanks for your guidance,
We call you Laika, the hero.

You were Laika, the space dog.
You are:

Laika, the good girl",Second-Person
L32,For Laika,"what did it feel like? suspended over the warm hug of gravity
wishing on a star to come home once again
from up there did the sun look like a bright glowing ball?
I’d throw it for you, Laika
cup it in the palm of my hand and let you chase it across the cosmos
did you try to bark and hear it come back empty?
they named you for the sound you made then left you in a vacuum
sent you up there before people to see how you fared
as if your life was worth any less
but what human could hold the whole of the earth in their heart?
for you it was the size of a marble
after all, what is perspective to a dog
only 3 years old",Second-Person
L33,,"Laika's still up there. not her body, sure, but her soul is. i saw it through my telescope one night when i was looking for aliens. she was sniffing for table scraps under saturn's ring. she chases comets and bites down on satellites. i saw her napping by neptune, she was kicking her feet. passing through the oort cloud is like the stroke of a hand on her fur. eyes like marbles and four little paws like flames. she bobs through jupiter's moons like cold moscow streets. up there the stars are a great big field. and look, she's running so fast. god damn, look at her go.",Third-Person
L34,,"“Barker” In the vacuum you lie Unable to move, without anyone to love you. I’m sorry. When all you wanted was a family, they Rewarded you with death Fetch that blue ball for us, old friend Know that love is here for you everywhere Now. When you were a hero, they called you “Just a stray”",Second-Person
L35,Laika,"I want to know what it means
that the first living thing we sent to space
we had no plan to retrieve
someone found her
on the streets
tired and alone
and brought her to shelter
to food
and maybe someone loved her
they say she died
– and the story changes –
that she asphyxiated
or it was exposure
that it was many days
or only one
either way
from the very beginning
they had no way to get her back
the craft burned up on reentry
50 years later we built a monument to her
I want to know what it means
that we would do something like this
I want to know if it is something human
or something not
something made in the fall
or from the sand
and I want to know what it means
that one of us broke protocol before the launch
and fed her a meal
and that one of us
took her home for one night
to make her feel loved
before her final trip",Third-Person
L36,,"Laika's still up there, not her body, sure, but her soul is. i saw it through my telescope one night when i was looking for aliens. she was sniffing for table scraps under saturn's ring. she chases comets and bites down on satellites. i saw her napping by neptune, she was kicking her feet, passing through the oort cloud is like the stroke of a hand on her fur. eyes like marbles and four little paws like flames. she bobs through jupiter's moons like cold moscow streets. up there the stars are a great big field. and look, she's running so fast. god damn, look at her go.",Third-Person
L37,Space Dog,"I am mourning the space dog Laika.
Her happy face was painted in a book I lost.
And she is lost. Her body frozen, floating, forgotten.
They say that nothing, nothing rots in outer space.
She could still be out there now,
circling the stars.

As a child I learned two songs about the stars—
“Twinkle, Twinkle,” “When You Wish…” (a home for little Laika)
At night, this rhyme I recite even now,
“Starlight, star bright…” Just in case. Nothing lost.
And so our wishes hang in outer space
with the tales grown children might already have forgotten.

Orion. The one constellation I have not forgotten
for nothing is plainer than his belt’s trinity of stars.
Beloved of Diana. Rival of Apollo. Hunter set in space.
Could you have seen the trail of space dog Laika?
Sirius could chase the satellite we lost.
Faithful Canis Major follows you ’til now.

Do children still know these stories now?
Or have the maidens, giant beasts, and heroes been forgotten?
What takes their place when myths are lost?
Perhaps, instead, our children know the secret name of stars—
distant suns. Around one revolves our space dog Laika.
A generation after might still find her spinning quietly in space.

What else did we send to die in outer space?
White mice, cats, apes. (I hear even tycoons and boybands now.)
Did they have names, these pioneers, a real name like Laika?

If they did, children’s books allowed them all to be forgotten.
But not their tombs.                 They reached the stars,
sacrifices launched for the footprint on the moon. What was lost?

This is the title of the book I lost—
A Little Golden Book. “Explorations in Outer Space.”
Men had only then begun to leave the earth, straying nowhere closer to the stars.
The universe, its vastness, cannot be measured even now.
Someday, if what we learn is weighed against what we have forgotten,
will it matter that the airless void was too cold for space dog Laika?

Sputnik space dog never came home, but Laika’s
lost satellite will never be forgotten. And now the city glare
seeks to stop the night.

                                         Yet it only hides the stars.",First-Person
L38,Good girl,"for Benjamin Dodds

“The more time passes,
the more I’m sorry about it.”
                                     —Oleg Garenko, Sputnik-2 scientist
Lean and fast
on all fours,
your years of freezing
Moscow street smarts
couldn’t save you
from the sweeping nets
of those KGB goons. Still,
it must have seemed great,
three square meals,
two sisters for company,
and all that attention
from nice men in white,
until, each day, your cage
grew steadily smaller,
those dark noisy rides
went faster and faster,
and your food turned to paste
from nondescript tubes,
when at last
they shipped you out
to the Baikonur steppes,
your body wired up
in your own special room,
where they oiled your fur
then kissed your nose
and closed the door
                                                which
is when we burst in! Time
travelling fantasists from
the eventual future, armed
to the teeth with the
latest gear and a
shaky plan. Sneaking in
after nightfall, when the guards
are too drunk
and the scientists aren’t
party members so they
wont stop us. I keep watch
while Ben cuts you free
and we make it downstairs
until Ben takes a round
in the back, poor bastard,
from the cowardly
base commander that
I easily despatch with
twenty-first century whispers
and make for gates
when at last Kalashnikovs
light up the night
and the fresh heavy snow
breaks my fall, turning
pink all around me. Good
girl I murmur good girl
as you tear toward
the tree line and they
call out after you
Kudryavka
                   Zhuchka
                                   Limonchik
all the names that
would never stick,
while Soviet 7.62
cracks Kahzak wood
and I watch you disappear
into the safety of
dark forest, feeling it’s just
about worth it, to know you’re free
to run through tall grass,
even if the world
will never know your true name.",Second-Person
L39,"“I’ll be looking at the moon, but I’ll be seeing you”","Tonight the moon reflects upon the ocean’s surface
A submarine lurks beneath
Whispers of war – on the airwaves
A torpedo almost launched
As nations race to reach her face

Tonight the moon peaks from the clouds
American engineers are making an anti-gravity pen
The Russians smirked and used pencils
Sometimes we need not invent new things
If they already prove their function

Tonight the moon is full and bright
But I do not see you
Instead I see Laika chasing her ball
She is wagging her tail as she brings it back
To her human child

Tonight is a new moon
But I do not see you
Instead I see the first footprints of man
Scattered on her face
Apollo 11 - a giant leap for mankind

Tonight the moon is a crescent and Mars appears beside it
But I do not see you
I see Curiosity measuring the sands
Singing a birthday tune to herself
Nobody taught her the words
And yet...and yet there was music in space

Tonight the moon is high
A comet crashes into space debris
Isn’t it pretty when it burns?
Each time we advance
I ask “at what cost?”
And “was it worth it?”
Even the stars cannot answer
Tonight I look to the moon",First-Person
L40,radio,"[sputnik]: noun, meaning “traveller”

earth to sputnik 2
laika,
  are  you  in there
(or out, i suppose
  somewhere you weigh
  and look, and feel  like dust

[ think, for a second
    that you are not  as small as
  you are; would that change things
    would it make the gravity of space
    lighter or heavier ]

if you could talk    would you
  have whined into the frequencies of
  this radio and asked — but why am i
here?

this is earth to sputnik 2(023)

would you have growled across the
distance of stars       so large not even a
  million of you could bound for “fetch”

or at least, laika
  tell me   please please please
  that you would have barked when the
          insulation went off",Second-Person
L41,Laika,"Mingey Mutt,
Mongrel made;
a man-made horror
of unnatural purity,
White coat and tan smudges.

A thief bared by thieves,
hands grown to pilfer,
a soul spat to swallow,
blackness and a tornado of stars;
alone and hyperthermic.

A mishap in the millennium,
an oblivious martyr for sin and silent remorse (for other things).
Had it been a pedigree
and lived a life free of
the hereditary mark
it may have seen Christmas.

It will never know a warm bed;
instead it will be scorched;
left to the torture of an absent heaven
heart racing and after-
-pity.

My black hair, the envelope of purgatory
closes like elevator doors
into darkness,
into nothing.

That’s all I ever was.",First-Person
L42,,"My mind often goes back to the story of Laika, a stray picked up from the streets of Moscow and sent into the sky.

When building a graveyard, it is English superstition that the first person to be buried in the graveyard is stuck there, called a church grim, to act as a guide to the newly buried. Thus many killed and buried a dog first to act as the guide (since no one wanted to subject their loved ones to the fate of eternal service).

I like to think that Laika is our planet’s church grim. We sent her first to be buried beneath the stars and she guides the people we send after her into what is beyond, be it beyond our atmosphere or perhaps even beyond our plane of life.

I am not religious, I never have been (though my grandmother did try, it only resulted in me being booted from our local church), I do not believe in heaven nor hell, nor Nirvana, though at times I wish I did to give myself relief from the looming fear of death.

I believe only in my neurons that fire randomly to give me consciousness, and I believe that when I die that will be it, no more neurons to give me consciousness, no more ‘me’ to give consciousness to.

But sometimes, when I’m lying in my bed at night looking out my window at the sky, I feel what I think religious people feel when they pray; I feel looked after, I feel seen, and as much as I believe in nothing, a part of me believes that it is Laika, playing catch with the comets and living in the stars that gives me that comfort.

“Good girl, Laika. Stay.”",First-Person
L43,the value of space,"Laika the Soviet space dog flew aboard the Sputnik 2, launched into orbit on November 3rd, 1957. As the technology to de-orbit had not yet been developed, Laika's survival was never expected. She died of overheating hours into the flight, on the craft's fourth orbit.


i'm thinking about laika
chosen for her assumed resilience
condemned by her assigned purpose

which is to say:
i'm thinking about the cruelty we knowingly inflict
on living things uniquely suited to love us


The experiment, which monitored Laika's vital signs, aimed to prove that a living organism could survive being launched into orbit. After placing Laika in the container and before closing the hatch, they kissed her nose and wished her bon voyage, knowing that she would not survive the flight.


as her limbs grew heavy
and the air thickened in her lungs
did laika feel a burning sense of usefulness?

did she recall the gentle touch
of a hand that once promised safety?

while the world around her darkened
as it was engineered to do
did the dog in space fear she was at fault?


Before launch, one of the mission scientists took Laika home to play with his children. He wrote, ""Laika was quiet and charming ... I wanted to do something nice for her: She had so little time left to live.""


the final act of cruelty:
embodying the love you might have shown her
under slightly different circumstances

letting her bask in a glimpse
of requited affection

telling her to feel at home
before sending her back to the stars",Third-Person
L44,,"PERHAPS,
THE GREATEST THING
I CAN CONTRIBUTE TO
HUMAN KIND IS TO
LAUNCH MYSELF INTO
THE EARTH'S ORBIT,
UNLEASHING THE
ENCAPSULATED DESIRE
TO VOICE OUT THE BEAUTY
INHERENT IN MY
PERSONAL OUTER SPACE.",First-Person
L45,,"Dear Laika,
You were alone and so afraid.
May you chase stars and drink milhy ways
I hope you run free, little cosmonaut
I'm sorry.",Second-Person
L46,,"Two stray dogs. Two different paths. One shared service to humanity.
Laika — a street dog who became the first living being to orbit Earth, opening the door to space exploration.
Aloka — a rescue dog walking silently beside monks, spreading peace, compassion, and mindfulness.
Different journeys. Different purposes. The same spirit of selfless service.
Peace does not always speak. Sometimes, it simply walks. Sometimes, it orbits the stars.",Unknown
L47,,"You have probably heard
About this brave little girl
All we know is that she saved the world
She got sent away
But she wasn’t afraid
Though she was alone in the dark, big space

Left the cheering crowd
Went above the clouds
Rocket going high
Then they said goodbye
She still wonders why
But she loves to fly

I hope Laika never died and that she spins around us still
And that she has a party in the air and always will
I hope that she is dancing every night among the stars
I hope Laika is alive
Laika party in the sky
Laika party in the sky

Bam bam
Ba ra ram bam bam bam bam bam
Ba ra ram bam bam bam bam bam
Ba ra ram bam bam bam bam bam
Ba ra ram bam bam bam

Bam bam
Ba ra ram bam bam bam bam bam
Ba ra ram bam bam bam bam bam
Ba ra ram bam bam bam bam bam

Through the comets and the stones
She is howling for her bones
Singing along to the stars and sun
And if she didn’t fly
Nor would you and I
A forever hero for human kind

Left the cheering crowd
Went above the clouds
Rocket going high
Then they said goodbye
She still wonders why
But she loves to fly

I hope Laika never died and that she spins around us still
And that she has a party in the air and always will
I hope that she is dancing every night among the stars
I hope Laika is alive
Laika party in the sky
Laika party in the sky

Bam bam
Ba ra ram bam bam bam bam bam
Ba ra ram bam bam bam bam bam
Ba ra ram bam bam bam bam bam
Ba ra ram bam bam bam

Bam bam
Ba ra ram bam bam bam bam bam
Ba ra ram bam bam bam bam bam
Ba ra ram bam bam bam bam bam

Laika party in the sky (ooh)
Laika party in the sky (ooh)

Bam bam
Ba ra ram bam bam bam bam bam
Ba ra ram bam bam bam bam bam
Ba ra ram bam bam bam bam bam
Ba ra ram bam bam bam

Laika party in the sky",Third-Person
L48,Laika ,"In English and Nordic folklore, it was believed that the first person buried in a new churchyard had to guard it against all ills, from graverobbing vandals to the Devil himself.

To prevent a human soul from having to perform such a duty, a black dog was buried as a substitute.

The Church Grim.

Custodian and protector of the consecrated ground.

Often, I think about Laika.

She was the first to exit the Earth's atmosphere, and died in orbit within hours.

""After placing Laika in the container (...), we kissed her nose and wished her bon voyage, knowing that she would not survive the flight.""

Often, I think about Laika.

Sent first, she became the Church Grim of our orbit.

Dutifully watching over the departed.",Third-Person
C01,The Two-headed Calf,"Tomorrow when the farm boys find this
freak of nature, they will wrap his body
in newspaper and carry him to the museum.
 
But tonight he is alive and in the north
field with his mother. It is a perfect
summer evening: the moon rising over
the orchard, the wind in the grass.
And as he stares into the sky, there
are twice as many stars as usual.",Third-Person
C02,"""Happy Birthday, Astarion""","I'm watching
the way the world is moving

not really like a wheel
laying on its side, more like a cow

lowing in the pasture
giving birth to something two-headed

she's watching the sky
or at least something in them

as the sun rises and i wake up
the other farmboy in my bed,

brush his hair from his eyes
like a dog tasting the pup's placenta

we find the freak with its mouth
still latched on to the udder

it died with its belly full
knowing it was loved if not understood

""Come on,"" I'll say, ""get the Sunday paper,
the curator will know what to do with it""

I'll wrap it up with the comics facing out,
Calvin and Hobbes are gonna tell me the
shape of the universe, every Millennium
prize answer, the coordinates in the
Library of Babel that can show me how to
explain myself to my father

I'm not gonna read them. I'll be busy
brushing my hand
along the rump of the little calf

watching the mother in the field
watching us back as we take her strange,
dead son away.

The curator will give me and my boy
twenty bucks for the body. Says he'll put it
up on display for the world to see.

I'll take my boy down
to the only diner in town, get us
chocolate milkshakes, burgers and fries

But before I leave, go spend
that freak money in my jeans pocket,
I make sure the curator knows
what name to put on the plaque
for the two-headed calf.",First-Person
C03,Two headed calf:,"There is too many stars tonight. 
Laying in a field. The wind blowing softly, the moon shining upon me. 
My legs are weak and I am worn, despite only being a few hours born.
I can’t wait to see the sun.
Feel the rays of light warm me like the barn. 
The sky is bright tonight, I know in my bones I won’t last long. So I am here, my moonlit night, waiting for the day, waiting for dawn. 
And when you hold me in your arms, and sing your little song, and curl your hands through my hide, know that I will be in the stars, watching you from the beyond. ",First-Person
C04,My sequel to The Two-Headed Calf by Laura Giplin,"The following morrow, 
the farm boys finally stumble upon the creature. 
They freeze, curious, 
as if unable to conclude judgement on what they are seeing. 
The calf was cold, but not dead, 
and still they pick him up from his sleeping mother's side. 

His tired eyes open as, together, 
they bounce across the fields, 
bathe beneath the suns, 
frolick among the orchards, 
lay among the blades of green, 
and watch as the two brightest stars disappear below the horizon. 

The happiest he's ever been in his short life, 
the calf blinks for the last time, his wide smile still prevailing. 

The farm boy leaves the newspaper on the museum doorstep; 
And as he leaves distressed, he looks up to find an empty night sky. ",Third-Person
C05,Mother of the Two-Headed Calf,"Do you think the two-headed calf’s mother mourned for what her kin was, or what he was meant to be?

Do you think she cried twice as much, twice as hard, watching her baby (babies) sleep beside her in that north field?

Do you think she wished he was normal? Do you think she prayed and ached for a normal body, and thus a normal life, for him?

Do you think she silently begged for his death to come quietly and peacefully as he slept beside her under the twice-blessed night sky? Was it the worst thing she ever asked for, but she knew a soft end to this life would be far kinder than the calloused farmhand hands that came for him? 

Do you think she fought the farm boys taking him away? Do you think she wailed and kicked and bucked as they took him farther from her and closer to his demise? She has four legs, and her baby has two heads. Surely that is enough to keep him safe beside her? Surely he should not be destroyed for simply existing?

Do you think he heard his mother’s agony twice as much?",Third-Person
C06,Two Headed Calf,"What a time to be alive 
Aint it special I arrived
Unscathed and unstressed

As I lay soft and warm and bare 
You know theres something in the air
That tells me this nights different than the rest 

When the suns erupt with heat
They’ll drag our body through the street
Theyre gonna make me go, y'know 
But i dont wanna
Momma
Momma

Oh
Theyre sacrifice us like a lamb
 Its not exactly what I am 
But who has time to outspoken

The wind whispers like a prayer
Through my worried mothers hair 
Her eyes read like somethings broken

When the suns erupt with heat
They’ll drag our body through the street
Theyre gonna make me go, yknow
But i dont wanna
Momma
Momma



The moments sweet and calm and right 
And i’ve got the rest of the night
Before they find out what we are

Oh 
And i look up to the sky
 And I open our young eyes
And there are twice as many stars",First-Person
C07,“starry-eyed”,"after Laura Gilpin

my chest aches at the thought of a mother’s love, at what it’s supposed to be; 
a cow giving birth to her calf and immediately licking the blood 
off of him after he emerges from the amniotic sac. 
he is born with a second head and she doesn’t hesitate 
to clean the afterbirth from that one, too. 
this baby is special, because he is hers 
and the moon is high in the sky and 
the breeze is cool on their skin. 
in the morning, he will be ripped away from her 
and she will weep and wonder why this must happen. 
for now, though, as both sets of his eyes open to peer up at Orion, 
she does not shed a single tear.",Third-Person
C08,The Two-Headed Calf,"I am different. I know I am. I have a second head, my mother does not. She says to me, ""The farm boys will come for you in the morning, they will wrap you in newspaper and take you to the museum."" That does not frighten me, because tonight, I am here, I exist. I am with my mother, the summer breeze is beautiful and the stars are plentiful. I will sleep peacefully with the comfort of my mother, because tonight, I am safe. At least, I should. When I look into the sky, there are twice as many stars as usual. I hope, that perhaps, death will be kinder to me than man. I am sentenced to certain and unwavering death, just because I was born different. I didn't ask to be born this way, so why am I deemed a sinner? Why is my birth a crime worthy of death? I wish I knew the answer. I wish I could live to see the stars again, but I am certain that I will not. I want to curse at whatever God made me this way, made me just so I could be destroyed. Its unfair. Why should I be punished for being different? Why am I a freak, a monster? When I meet with my creator, I will look them in the eye, and ask the one question on my mind. ""Why?"" Why am I being punished for a crime I did not intend to commit? Why did you make me this way? Why did you give me the stars, only to take them away again? Why did you give me this short, distasteful life?
Why? Why? Why?
I can hear my mother as I pretend to sleep. She sobs in despair, wondering why her child was going to be ripped away from her. To those who have judged my sins and deemed me a sinner, just for existing, my heart fills with hate. But I also feel jealous. You get to have a normal life, you get to exist, see the stars and be happy. Yet you take it for granted. I am sorry I was born this way. I am sorry that I am a sinner in your eyes, but God's sins outnumber my own. Dear mother, it was not your fault. Please do not cry. I will see you in another life, where I am allowed to exist. I will miss you dearly until we meet again.",First-Person
C09,,"my mother took me to the Mueseum of odd things today. 
I saw conjoined twins, shoulder to shoulder, mummified in a glass case rather than in a grave each their own to finally be alone. 
I saw a two head cow, barely a day old, a badly hidden slit to his neck and cotton where his baby flesh should be. 
I saw the body of a baby with three eyes, a man with no nose, and girl with three legs… 
and then I saw a mirror, nothing odd about it except my face looking back at me
as people laughed and gocked at the exhibits around me",First-Person
C10,Two-headed Calf (OC story),"My father's embrace is the most comforting thing I can think of. It's what I would come home to after a day of being bullied. It's what I would wake up to in the morning. Even when he was angry with me, his hugs always made the world seem brighter. 
When one of my favorite cows had a calf, I was over the moon. I remember being so excited cause I'd never seen a baby cow in person before. I begged my father to let me see her for days and every time I asked, he would get short with me and eventually I stopped asking about the pregnancy all together. 
I came home from school one day and couldn't find my father anywhere. I called all throughout the house for him and couldn't find him. So, I headed to the barn to go look. I stopped in my tracks when I saw him in the cow stall, holding a two headed calf close to his heart. 
“Papa! Papa!” I yelled as I ran in to go see too. “Papa, it's got two heads!” 
My father was quiet and then slowly nodded. “Yes, baby, it does.”
“That's awesome! Can I hold it?” I begged.
Again, my father was quiet. He looked up at me with tearful eyes. “Baby, the calf’s dead.”
It was like I could feel the excitement leave my body, draining out of me and forming a pool under me. My body filled instead with horror as I looked closer. 
The calf's eyes were closed peacefully. But its chest did not move. Its tail did not wag or sway. It didn't move at all. 
I felt my face get hot and my eyes start to sting. I remember that I sat down next to my father and, despite his protests, took the calf’s two heads into my lap and began to stroke the calf ever so gently. 
My father sighed and pulled away from me. “Come on, baby, we have to bury it.” His voice was soft as ever. “You can't keep it. The body will start to decompose and it's gonna not be a pleasant sight.” 
I rocked the calf tenderly back and forth and looked up at him. “I'm giving it a hug like you do when I'm upset, papa. I don't want it to be sad.”
That's usually where my memory fails me. I'm not sure what happened after that. All I know is the poor thing was buried under a tree in the backyard with two fence posts tied together for a gravestone. 
I still go outside sometimes and look at it. I run my hand over the bark of the tree and stare at the dirt where I know the baby is underneath. 
I don't know what possessed my father to ark this grave. He never marked the other ones. But forever, I look at a grave marked “Precious two-headed baby. I'm sure you felt twice the love.”",First-Person
C11,,"She was loved that night 
She was nursed under the stars 
She knew her mother's might 
She saw the beauty of the night
She saw twice the number of the stars
She knew, oh lords, how she knew 
She knew she saw she felt she loved ",Third-Person
C12,"The two-headed calf
","Outside this place, this would be rejected.
Labeled. Corrected. Hidden.
Inside, we stop pretending.
We look.
And find beauty where we were told not to.",First-Person
C13,"Even two-headed, the calf is mourned","The only person recognizing the alien
is the cow praying for peace at midnight.
When the spaceship runs out of fuel sacrifices
some of her home so the thing has lodge. She does not yet know
abduction.

On nights the thing misses the world it comes from,
she visits with bells and a song.
Together, they pray to a cow larger than themselves
for recharge, love all the same, and if
or when
he becomes star again,
she may find him among
the constellations,
flying. That, the next galaxy has
a farm and a full moon.

It is a week later when she reopens her eyes.
The grass is still green.
The sun is a reset
but, even senseless,
the cow knows far,
far away
her calf is crying.",Third-Person
A01,POV you are a little black seadevil swimming to the surface of the ocean,"Certain things are sacred.

Meant for some eyes
And not others.

A sea foam of cloud tops  
Swirling against the blue underbelly of space 
Meant only for the eyes of birds.

A cage of ribs settled
Silent on the seafloor; a boneyard in the dark abyss 
Meant only for me 

I should not be up here
In defiance
Of my morphology 

But now that I am,
I rise
That I may catch a glimpse of sun-dappled sky

And the eye blazing above the surface  
Needling at my flesh:
The teeth of retribution. 

I rise and I know
as Icarus knew when he fell 
There are some things we were not meant to see

But it is worth the price.
It is worth the undoing. ",First-Person
A02,She Deserved the Light,"All my life, there was only dark,
so I became my own small spark.
A lonely glow, a fragile flame,
but it was mine—I had no shame.

Through endless voids, I swam alone,
my light, my guide, my heart, my home.
But then I saw a glow unknown,
not made by me, not mine—its own.

I reached, I trusted, I let go,
and in that warmth, I lost my glow.
Now here I lay, the fight was long—
I made my light, but I was wrong.

She fought, she burned, she shined so bright,
and still, she lost—she deserved the light.",First-Person
A03,Icarus Is The Anglerfish,"February 2025:
Scientists saw a deep sea angler fish,
jet black, twisted smile of gnarled teeth,
approaching the surface.
She lived miles beneath the waves,
a creature of nightmare and horrors.
A monster of the dark and the cold depths.

She swam so purposefully,
her mouth opened with some kind of awe.
Defying all instinct
she kept traveling up higher
and higher
and I am left wondering how many
of her kind had ever come so close
to touch the sun.

The pressure, they said,
would kill her.

But oh,
how warm it must have been
when the light hit her face.",Third-Person
A04,"For the last day of my life,i think i will go see the light
","In the depth where shadows weave
A place where light dares not to cleave
And cannot reach its cold and dark floor 

A silence thick..a heavy weight
Where time itself may hesitate 

No stars to guide..no moon to rise
Just endless black beneath the skies
Where shadows creep and silence guards the secret deep 

The ocean's depth..a world of night
A place where your voice fade
And light can never pierce the shade 

The deep is cool..the dark is wide
Yet in the dark a truth may rise
When something calls you from inside
A shimmer..soft..a world unknown
Where golden rays through water shone 

Not bound by sight..nor seen by eyes
For even here..beneath the gloom
A heart may find its hidden room",Second-Person
A05,BELOW DEPTH,"—how could an anglerfish that has always felt alive
wired below the cold silence of the phantom murk 
of a luring, lantern-like glow digress itself 
almost beneath the vast    hollow pocket?

it alters its smooth teeters from left to right    
and to gape its maw was all it could really do
the zoned-out consciousness was ANGLing itself
upward to a most perfect snapshot 
to recapture it beholding in full
the margin of the incessant pelagic waves rolling
(and the sounds of it as it crashes to no land)
the bulb glints of a boundless energy 
flashing above the waterworn surface 
(and how it filters through with not
even a single interstice in sight)

there 
the seadevil lays its stalactite-like teeth
realizing the warmth
the daylight cracks     the sunlight beams
and that’s what it took for wonder
just as the time has been aligned
for its once-buoyant body to sink and subvert down
once again to where it initially was home
abyss.

and that
enough of it seeded the clouds for man’s eyes
to emerge a heavy rainfall sourced 
from a crimson grief pupil.
they had both airways in their noses clogged
how placebo was it when a perfect red rose
they have caught an ambrosial scent out of it?

the onlookers condensed into cell phone screens
seem to have several says and some certain whatnots
forget not Cassandra’s hex of old that still hovers around
in the latter and pervading into the heads 
of no one but themselves inducing the nescience
equally just as how the heart perceives
what it must feel in its most and all profound form.

one may even publicize it on Facebook
stating their poetic substance and wielding
an em-dash right before the fishes’ name
like it was its own claim in verbatim
(could it even speak, dumbass?)
a posthumous tale reiterated
into mere cartoonish visuals
oh  —  how it finally gained a great awe!
oh  — how it finally had its rough and slimy skin
contact a transitory burst of life!
after it had lived in an otherwise absent space of light.
and that alone reached melodramatic applause
and the higher demographic
something about it had the human sentiment
why wouldn’t it be?

who’s them to actively supersede that it had 
saw a foreboding of its cadaveric anatomy
more in the way of an inevitable one
favoring their thought that it had been compelled
by an innate desire for peace to ascend above
its usual depth away from where it came from?

it is suspicious    there must possibly be something
lurking deeper behind the interpretive evaluations
could it be agitated by a sort of sickness  
a run-down stamina       perhaps?
fins rarely fluctuant and stance locked into place
ain’t no actual shit to tell those guts and insides
are crushing and decompressing by that given time
just a small glimpse of observation
is the one to strongly justify it yearned for the light 
to be shun against it and to be absorbed within it
that poor helpless fish      who would’ve known at all
the Sun seared its vision with a blinding disconcertment?

it was rooted nowhere at all
but to its own doom and destruction
but man only accounts for his upfront peripheral view
and no other perspective 
has to be acknowledged yet again
and nothing could be more beautifully visceral than that.",Third-Person
A06,I See The Light,"It is cold here. 
They freak out on seeing me. 
The deep is cold, endless, swallowing.
The weight of the sea belongs inside my bones,
pressing, shaping, keeping me low.
But something is wrong.
The current does not hold me anymore.
I wish to see the light.

For once, can I disappear?
My own light that made me something,
It flickers uselessly now.
It cannot save me. 
When shall this end?
I wish to see the light.

My mother told me of the pull,
of those who drift upward, limp and hollow.
The ocean does not take them back.
Is that what she became?
Is that what I am now?
I wish to see the light.

My father warned me of stillness,
of the ones who stop moving, stop hunting.
The ocean does not take them.
It spits them out, forgotten, lost.
Did he think I'd float away?
I see a light.

I did not create that light.
Why am I going towards it? 
Should I continue upwards?
The water is thinner
My body is weightless.
The pressure is gone. 
The deep is gone.
What an unusual feeling.

I see sparkles around me. 
Oh, how beautiful. 
Touching me for the first time.
Could I make it last forever?

Am I even allowed here?
I want to go back, but this feels good too.
The deep was heavy, but it was home.
The surface is weightless - could it be home too?
Every instinct screams to sink, to fight, to return,
but I do not.
Maybe that is strength, too.

This light feels good. 
It feels warm. 
Is that you, mom? Is that you, dad?
If it is you, then I am home.
If it is not…then I go where this light calls me.
I finally see the light.

Love and light,
Coco",First-Person
A07,Sunbeams On The Water,"Immense pressure all around me
Darkness becomes all that I can see
Impending doom tolls its bell
Is there really heaven or hell?
Alone I wander in the depths
Among the silt which has been swept
Sickness addled thoughts abound
Where currents muffle any sound
In my confusion turning upward
From where my body simply hovered
A dazzling shimmer up above
Reminiscent of all I love
I swim towards the jeweled waves
To find the warmth my soul craves
As I rise so does my hope
Becoming easier to cope
A small but mighty marine marauder
Chasing Sunbeams on the water",First-Person
A08,The anglerfish ,"Everyone online is talking about this anglerfish 
That rose from the dark depths to the surface of the water 
Scientists are baffled as to why it come to the surface 
But to be a fish usually regarded as gnarly or gruesome looking with its dark colors and long jagged sharp teeth 
What some would have considered ugly 
The online community has turned into something extraordinary something poetic and beautiful 
That it living in darkness created its own light to have the courage to swim way out of its comfort zone to realize the beauty of light that actually makes up the world 
I can relate 
Sympathize with it 
My heart has created the light I've tried to share with the world 
Through success or failure I've tried
And my mind keeps me in the abysmal darkness 
That always surrounds me 
Maybe 
Possibly 
One day 
If nothing more 
In my last hours I to can come to realize 
There was a much much bigger light 
Trying for me to ......",First-Person
A09,Spain: Rare ‘Black Devil’ Anglerfish Spotted Near Tenerife Coast in Broad Daylight,"She is no larger than a human fist
From the darkest depths of the ocean floor
She travels thousands of meters skyward
The weight of the water falling away

Her fading bioluminescent bulb
Outshined by the rays of light from a star
More than 90 million miles away
She feels its warmth for the first time ever

Did her parasite husband survive stuck —
Clutching himself to her side with his mouth
Or was she finally free of him too
Making this long journey all by herself

Survived just a few hours at the surface
Taken by scientists to be studied",Third-Person
A10,To the young anglerfish,"For now and for the next 400-plus generations,
the hornlike symptom on your brow
will itch and be subject to irritation.
At that point it will begin to resemble a modification
useful for tricking food. It will at last begin
to begin to do some good.
Meanwhile, the problems of life enhance:
an awkwardness attends the mating dance
and an inexplicable thoughtfulness
at the wrong moments.
That part of you that is pledged to the future
abstracts you in some way from nature
with the small n. You feel a
comical, budding power, and then
you don't again.",Second-Person
A11,LOVE LETTERS FROM THE DEEP,"they find each other in the dark. there's no sun
down here, except for her, cleaving through the sea
        like something worth running from. 
he orbits her for a while, his pathetic wriggling body 
soft against hers. a first touch that lasts forever. 
(i want to kiss you. i want to eat you. i don't care, 
as long as we're together.) he's only eaten
once or twice in his entire life, and she tastes
like fruit, bleeding moonlight into his mouth. 
it's a love deeper than hunger, a love she can feel, 
writhing in her guts. he gives up every thought,
every organ, commits himself to the flesh of her side.
they'll share this body forever. the best things end
in total darkness--the last thing he sees
are her sightless eyes. a lamp that hangs
        high above her head like an angel. 
she wears what's left of him like a medal, 
a graveyard that swims. her children will remember
        how his mouth filled with want.
half of them will be just as lucky.",Third-Person
A12,Poem about an angler fish,"The angler fish has never seen the moon
The darkness surrounds everything in an inky black void

Yet somehow
The angler fish knew

The angler fish has never heard of the moon
The deepest depths speak of no light in the sky

Yet somehow
The angler fish knew

And perhaps all the fish know of the moon
Finding themselves drawn towards the small light at the bottom of the ocean

The moon doesn’t shine down there

Yet somehow
The angler fish does",Unknown
A13,,"Not all gods live in heaven.
Some drift—an #anglerfish, crown ablaze,
entombed in the trench where stars dim.
It does not rise. It lurks.

And who are we,
but swimmers drawn to shimmer,
forgetting even angels drown—
if the light is beautiful enough.",First-Person
A14,Anglerfish,"I carry a bit
of sun
into the dark.
Life-giver,
devourer?
I remain
conflicted.

What sort of life is this?

Lonely,
I fall deeper,
doomed,
foraging
amongst drifting dead.

My love,
lost to silence,
a mute presence.
Fused,
until I can no longer
tell us apart.

Lonely.",First-Person
A15,benthic icarus,"all teeth and longing, a lantern born of hunger,
a thing so small it should not have dreamed.
made for the abysmal quiet,
for waiting, for wanting, for the heavy hush of the deep.

but god, something in you ached—
not just for food, not just for breath,
but to see.
to know if the stories were true,
if light could ever belong to something so ugly, so lost.

so you rose, benthic icarus,
small and stubborn, rushing toward ruin.
all your life, you carried your own light
a flicker against the dark that crafted you
but it was never enough
you wanted the sun

and when the light finally found you,
when the weight of the world lifted,
you split apart—
like a secret held too long.
it was the pressure that kept you whole.

they will say you were nothing,
just a fish, just a fool.

but you and i know better—
made of darkness, made of hunger, made of want
a creature of the deep
who dared to reach for the sky.",Second-Person
A16,,"I lift up from the floor 
Toward the highest roof
To gaze at the unknown 
To see the brilliant waves
I reached the final door
I understand the truth
The dark, it was my home
But the light will be my grave.",First-Person
A17,A Light I Did Not Create ,"I knew my time was coming soon. 
My light, my ever-present light shone in the pitch inky blackness of life. From the moment I was born the only illumination I received was from that tiny bulb atop my head. A light used as a beacon of death for unsuspecting creatures, seeking shelter in the warmth of a light they’ve never been able to bask in before. I never asked for it to be the way that it is, but eat I must. My light was my livelihood, and was the calling of demise for others. 
Once shining bright, my light began to dull. It began to flicker. 
I knew my time was coming soon.
My body. Once strong and quick, had slowed. My fins struggled to move, my heart pounded harder with every inch I moved forward. It hurt to swim so much. It hurt to run from predators wanting to swallow me whole. It hurt to propel myself through the abyss that I had been born into. An abyss I was forced to stay in.
I knew my time was coming soon.
Someone had told me once of a light so bright it lit up the entire planet in warmth. Miles and miles above us lie an entire world covered in brilliant light. Illuminated so wonderfully and beautifully that colors danced and swayed everywhere you looked. They told me of the light being a beacon of hope. A sign that time had passed and the darkness had ended for another day.
Down here, darkness was the only constant. 
A light made for beauty? A light that everyone saw as a sign of joy? The only light I ever knew was the one I created myself. The light of death.
How is it that another light could exist so amazingly? 
I yearned to see it. 
I yearned to feel its warmth. 
Yet, I was too far away. So far, the light didn’t dare penetrate our dismal domain. 
So I continued along, swimming. Eating. Killing. 
But my body is so tired.
My use on this planet has been taken.
Perhaps I should just stop swimming.
I knew my time was coming soon.
And yet, I still thought of that light. That lifeline of light. 
I wanted to see it. To gaze upon it. 
Without another thought, I found myself swimming.
Just like I always had.
But this time, I was swimming up
Up.
Up.
Up.
Faster and faster I swam, my body straining as I pushed myself further.
Before I knew it, I was far away from my inky depths. 
I was somewhere a little warmer. 
My body began to feel like it was being stretched and compressed. 
I felt like I was melting. It was hard to breathe.
But I kept going. 
Up.
Up. 
Further. 
Keep going.
The water was blue. Blue! A vast expanse of brilliance. Life began to spring itself towards me. Greens and pinks swaying. Absorbing.
What is this beauty?
I kept going. I had to keep going.
Was this what light could do?
Could my light have done this too?
I felt my lungs being crushed, my soul growing distant.
But I held on. I held onto the hope of reaching the light.
The water was swaying, pushing and pulling. 
It wasn’t still anymore.
It was alive. The water was alive! 
I pushed and pushed, I was so close I could taste it.
The light.
The glorious light.
As I took my last breaths my body penetrated the crashing surface of the water. 
And there it was.
The light. 
The beautiful ball in the sky, shining so brightly. 
It was mighty, like a warrior. Its rays were warm on my cold, dying skin. 
As my vision blurred, I felt it.
I felt alive.
I had finally reached it.
My last thought,
distant and echoing.
Was that if I were to be reborn,
Maybe I could be a ball of light.
Just like this one.
And create a light for life.
And as I took my last breath I was so thankful.
So very thankful.
For the light I didn’t make.",First-Person
A18,Here Lies One Whose Name Was Writ in Water,"Today, an anglerfish escaped
the deep to lend her light to the sun.

What were you fleeing
there in the dark below?

How the shimmer of the surf must have been stars
in the slow ascent:
how her skin must have sang
tasting the sun for the first and last time.
Did you rise to wake or sleep?

How small she seemed in life:
a shriveled black lung
as small as the hand of a child.
How her violet eyes couldn’t see how large she became:
how her light touched every corner of the earth
at the end.",Third-Person
A19,,"I caught an anglerfish
And let it dangle from a tree
I caught and orangutan 
And set it out to sea
Fish
Tree
Orangutan 
Sea
It was always how
It was meant to be",First-Person
A20,Amelia Anglerfish laughed again and shook her head no,"You can't leave the flow
for that leads only to woe.
Go on must our show!",First-Person
A21,Paradox Bites,"Lure lit, 
still as prayer,
an anglerfish waits.
A baited ghost in gloom,
it dangles hunger
on a hook of itself,
all fish, no flinch.
Here,
the hunter is 
prey
and the prey 
hunts.",Unknown
A22,Anglerfish,"She was never meant to rise.
She was never meant to be seen.
She was made for the quiet
Where the weight of the world
Sat heavy on her bones,
Where hunger curled itself around her ribs
Like an old lover.
She was taught to be small,
To live in the spaces between teeth,
To glow just enough to be seen,
But never enough to be noticed.
She learned early
That the world was not built for her,
That her voice was an echo in a place
Where silence was the only song
Allowed to be sung.
Still,
She carried her light.
A dim and desperate thing.
A light pulled from her marrow,
A lie she told herself
So she could keep moving.
A glow that would not offend,
Would not reach too far,
Or dare to be more
Than what was given to her.
A burning thing she never asked for,
A borrowed star from a sky
She didn’t have the right to meet.
Then one day she looked up.
There was.. something else?
A greater light.
A sun she did not have to create.
A light that did not beg
Did not shrink,
Did not ask for permission to exist.
A glow so vast it could split her open,
Fill the hollow places inside her
And she wanted it.
God help her but she wanted it.
So she rose.
Fins like torn hands clawing upwards,
The weight of the ocean peeling from her
Like old skin,
Her ribs cracking under the joy of it.
The awful, beautiful joy of it.
The water grew thin, brittle, wrong.
Her bones begged to turn back
But she had seen too much dark.
She clawed her way through the deep,
Past the ghosts of those who never tried
Or those who settled for hunger.
Past the weight of history gnashing its teeth.
She rose past the crushing weight,
Past the world that told her to stay small,
To stay hidden,
To stay grateful
For the darkness she was given.
She rose though it was agony.
Though it pulled the breath from her lungs,
Though her body buckled and bent,
Though the fear of being seen
Burned through her ribs.
She rose though the pressure
That had once held her together,
Was now tearing her apart.
Though every instinct howled
Turn back, turn back, turn back.
She rose because for once in her life
She wanted to believe.
Because she had to believe
That there was something more than this.
And finally,
She broke through the surface,
She gasped,
And the air..
Tore through her like a blade.
There was no mercy here.
No embrace.
No warmth.
Just the searing indifference of a world
That had never been made for her.
The sun did not love her.
It did not welcome her.
It did not reach for her
Or whisper her name,
It simply burned.
She had been told she could rise
But no one had told her
That the light does not make room
For those who were born in the dark.
It had called her forth
Not as a savior,
But as a witness.
Just to show her all she would never have.
So she simply floated there,.
Dying.
Breathing something
She was never meant to taste.
Drowning in the open air.
She choked.
She fell.
The deep took her back
But not as she was.
The dark was no longer home,
The light never was.
And yet,
She had seen.
And that,
Was the cruelest part of all.",Third-Person
A23,The Husk,"In your heart’s murk
an anglerfish grins—
deep-trench snare of want,
teeth like stitched confessions.
It lures with twitchlight,
gulps with the hush of depth,
entangling
in the blood-lit dark
among the husk
of who you are.",Second-Person
A24,Bioluminescence ,"There’s a dark so deep beneath the sea the creatures beget their own
light. This feat, this fact of adaptation, I could say, is beautiful

though the creatures are hideous. Lanternfish. Hatchetfish. Viperfish.
I, not unlike them, forfeited beauty to glimpse the world hidden

by eternal darkness. I subsisted on falling matter, unaware
from where or why matter fell, and on weaker creatures beguiled

by my luminosity. My hideous face opening, suddenly, to take them
into a darkness darker and more eternal than this underworld

underwater. I swam and swam toward nowhere and nothing.
I, after so much isolation, so much indifference, kept going

even if going meant only waiting, hovering in place. So far below, so far
away from the rest of life, the terrestrial made possible by and thereby

dependent upon light, I did what I had to do. I stalked. I killed.
I wanted to feel in my body my body at work, working to stay

alive. I swam. I kept going. I waited. I found myself without meaning
to, without contriving meaning at the time, in time, in the company

of creatures who, hideous like me, had to be their own illumination.
Their own god. Their own genesis. Often we feuded. Often we fused

like anglerfish. Blood to blood. Desire to desire. We were wild. Bewildered.
Beautiful in our wilderness and wildness. In the most extreme conditions

we proved that life can exist. I exist. I am my life, I thought, approaching
at last the bottom of the sea. It wasn’t the bottom. It wasn’t the sea.",First-Person
A25,,"One thousand below the touch of light,
Floating through the abyss in the constant night.
Encroached in darkness, destined to dwell alone,
Misunderstood, this creature of the unknown.
Past the tenebrous void, she knows there is something higher, 
But the price of sight is a life for the celestial fire.
As she reaches the surface she meets a light different to her own,
It was so beautiful, and she would have never known.
The awakening, that obscurity isn’t the only realm unfurled,
As her consciousness fades to darkness, she’s illuminated to the world.",Third-Person
A26,anglerfish,"this is the midnight zone 
where you could float for a lifetime 
in blue and never even realise
you'd been born, 
not recognising your form or any other,
or contemplating breath 
in this perfect improbable silence -
this crushing expanse 
where everything is bright and dim
and possible",Second-Person
A27,Angler Fish,"In the deep dark trenches,
Strange creatures abide.
Many with such a ghastly appearance,
Most would avert their eyes.
But they don’t hide.
They create their light from inside.
They reveal themselves with great pride.
So please I beg you,
Follow their lead. Don’t let your light die.",Third-Person
A28,,"i’ve lived my life in fathoms deep
now as i lay me down to sleep
one wish inside my heart to keep -

to see what lies above….

so heavy, blind my dying eyes
a struggle as i try to rise!
but then
the warmth
i realize

is this what i dreamt of ?

the depths of Hell i leave behind!
Could this be Light?!
am i Not blind ?
the Heaven that i hoped to find

i’d just heard stories of…

n as my final breaths i take
Determined, me - the surface break!
the water droplets
rainbows make

the Sun…

a glimpse

of Love!

❤️",First-Person
A29,,"God is a fish
in her own church.
The water
is black. Signs
become what
they signify.
They will
drown you
rather than feed you.
It is only
by our own light we see—
and also the sun.",Third-Person
A30,,"I see you.
You beautiful monstrous creature.

Open jawed, open eyed
petite and delicate, resolute in your own right
Swimming against your very nature.
Determined to see light.

And I ask myself
“Is there any hope of seeing light that is not
tied to our own deaths?”",Second-Person
A31,Anglerfish,"How bright her headlight shone the way, in waters like a starless sky.
How she floated up like that toward celestial light she did not make
to find the source calling her home, a long journey to finish the darkest life
in the warmth of the sun.

How she would go it alone. We cannot presume her capacity to understand, we
can only witness her ambling gloriously to the surface, leaving the depths she was
born into with the final few flaps of her fins and wonder why it is we weep for her
lonely, dark little life.",Third-Person
A32,,"Did she feel it,
Do you think?

Did she swallow up the long forbidden sun
And drink the dazzling daylight?

Surely, death is not cold like the deep;

It is golden and rich,
And soaked in a spectacle of color.

When facing her end,
Hiding from nothing
And hunting for naught,

I know, for a moment,
She felt it.",Third-Person
A33,The Angler Fish,"My whole life I've lit my own path...
finding the strength to keep my light on is so hard...
until I saw a world with endless lights...
Maybe now I can finally rest
And go into the light...
And for once, it wasn't made by me...",First-Person
A34,,"to know she didn’t die alone,
that when the right hearts meet
not even the darkest depths
can keep them apart

to know that real love
becomes a part of us,
shares a heartbeat,
a bloodstream,

that on her very last day
guided her whole life
by a solitary light,

she finally took her lover
to see the sun.",Third-Person
A35,Angler Fish,"ON HER FINAL DAY UPON THIS EARTH,
SHE ROSE FROM THE DEPTHS,
SWIMMING TOWARD THE SURFACE
TO WITNESS THE LIGHT—
ONE SHE NO LONGER NEEDED TO CREATE,
BUT COULD FINALLY EMBRACE.",Third-Person
A36,The Bright Unknown,"Somewhere, off the coast of Tenerife, Spain 
an anglerfish outgrew the darkness, welcomed 
death with a saw-tooth grin and swam inside 
a current traveling to the land of light. 

Its body releasing the pressure of everything 
it held onto for its survival, becoming weightless, 
then breathless, then nothing but a life exiting 
one world into another. 

What we witnessed, was ourselves, 
remembering that we’re all floating 
toward the bright unknown.",First-Person
A37,The Anglerfish,"We can’t know what pulled the anglerfish
up from the darkest waters.

Maybe she was injured;
maybe she got caught in a warm current;
maybe she swallowed a fish with a gas gland,
soaring, like Icarus, too close to the sun.

Or, maybe, after a lifetime of shadow,
where survival is quiet and lonely,
she couldn’t help but drift
toward the shimmer of something more.

Who are we to decide anything at all
about the little daredevil? And anyway,
what does it matter?

Sometimes we must let hope
win out over logic—
draw meaning from the depths
because we need to believe that
even at great cost,
there’s purpose in the rising.",First-Person
A38,Be your own lightbringer,"Little is known about the dark.
How even the smallest light is often dangerous or smudged
out by the endless depths.

One must look longing into the abyss with hope.
Desperately searching for a poetic ending.
Knowing you will one day have to force your way through
the depths to be your own Lightbringer.

No one is looking out for you; in this moment it is your
journey alone.
And when you get there, you will bathe in all the love and
light this dark world has to offer.

Until then...... adapt to see in the murky jet-black tragedy
that is human existence.",Second-Person
A39,We are all like the anglerfish,"We're like the anglerfish, you see.
Searching for light in the endless sea.
Though lost in the dark,we still ignite,
Yearning for truth, a distant light.
With the hooks we cast, a hopeful gleam,
Chasing meaning, chasing dreams.
In darkness, we reach for the sky.
There's no way we could fall, so we'll learn to fly.",First-Person
